Model,Accuracy,Precision,Recall,F1-Score,ROC AUC,PR AUC,MCC,Inference (ms)
cnn_lstm,1.0,1.0,1.0,1.0,1.0,1.0,1.0,3328.078269958496
mlp,1.0,1.0,1.0,1.0,1.0,1.0,1.0,1093.0447578430176
simple_cnn,0.9998405866411605,0.9998140572703608,1.0,0.999907019990702,1.0,1.0,0.9993488847080169,16840.25740623474
tcn,0.9998405866411605,0.9998140572703608,1.0,0.999907019990702,1.0,1.0,0.9993488847080169,3708.1668376922607
SVM,0.9998405866411605,1.0,0.9998140226892319,0.9999070026969218,1.0,1.0,0.9993494898282649,19364.579677581787
dual_branch,0.9996811732823211,0.9996281836772635,1.0,0.9998140572703608,1.0,1.0,0.9986975872441414,2082.756280899048
