Model,Accuracy,Precision,Recall,F1-Score,ROC AUC,PR AUC,MCC,Inference (ms)
SVM,1.0,1.0,1.0,1.0,1.0,1.0,1.0,33892.95053482056
cnn_lstm,1.0,1.0,1.0,1.0,1.0,1.0,1.0,2470.3471660614014
dual_branch,1.0,1.0,1.0,1.0,1.0,1.0,1.0,3406.066417694092
mlp,0.9998224116497958,0.9996448863636364,1.0,0.9998224116497958,1.0,1.0,0.9996448863636364,1239.9539947509766
tcn,0.9998224116497958,0.9996448863636364,1.0,0.9998224116497958,1.0,1.0,0.9996448863636364,4375.685930252075
simple_cnn,0.9996448232995916,0.9992900248491303,1.0,0.9996448863636364,0.9998126665186501,0.999733787939324,0.9992898987881936,25599.842071533203
