model,sample_fraction,sample_size,train_accuracy_mean,train_accuracy_std,val_accuracy_mean,val_accuracy_std,training_time_mean,training_time_std,samples_per_second
dual_branch,0.05,1290,0.9709302186965942,0.00822217579489925,0.9736861983935038,0.000937921540604475,145.73087668418884,10.723507494775495,5.931825295370229
dual_branch,0.1,2580,0.9790697892506918,0.007308028435338891,0.998023529847463,0.0010782088715068855,169.115993420283,1.3424733413339673,10.17117222448788
dual_branch,0.2,5160,0.994767427444458,0.0017919932722885153,0.9997287193934122,0.00030517386168465635,206.32369605700174,18.2183553782638,16.799225119364156
dual_branch,0.3,7741,0.9985788067181905,0.0010770853309568819,1.0,0.0,292.54663674036664,7.402975760166198,17.649700578643145
