model,sample_fraction,sample_size,train_accuracy_mean,train_accuracy_std,val_accuracy_mean,val_accuracy_std,training_time_mean,training_time_std,samples_per_second
cnn_lstm,0.05,1290,0.9740310311317444,0.020633848183800967,0.9920554161071777,0.007261053134441705,47.60323452949524,9.881598750543839,18.972393341193083
cnn_lstm,0.1,2580,0.9908914963404337,0.007125880069332883,0.9979461828867594,0.0023295462522925593,46.78408590952555,13.89275629192856,40.78214331681766
cnn_lstm,0.2,5160,0.9969961245854696,0.0009881622857964838,0.9998449881871542,0.00014501620482098136,54.7475913365682,5.783375818740044,63.54589723504398
cnn_lstm,0.3,7741,0.9927648504575094,0.004652063406633924,0.9998837312062582,9.492496243366988e-05,67.79503552118938,9.046428140360874,77.49939643368343
