Model,Accuracy,Precision,Recall,F1 Score
CNN-LSTM,0.9943088133609914,1.0,0.9160784313725491,0.9562013917314777
