Model,Accuracy,Precision,Recall,F1 Score
CNN-LSTM,0.9663418954827281,1.0,0.8821705426356589,0.9373970345963756
