Model,Accuracy,Precision,Recall,F1 Score
<<<<<<< Updated upstream
<<<<<<< Updated upstream
CNN-LSTM,0.9943088133609914,1.0,0.9160784313725491,0.9562013917314777
=======
CNN-LSTM,1.0,1.0,1.0,1.0
CNN-LSTM,0.9996959562176954,0.984375,1.0,0.9921259842519684
CNN-LSTM,0.9996959562176954,0.984375,1.0,0.9921259842519685
>>>>>>> Stashed changes
=======
CNN-LSTM,1.0,1.0,1.0,1.0
CNN-LSTM,0.9996959562176954,0.984375,1.0,0.9921259842519684
CNN-LSTM,0.9996959562176954,0.984375,1.0,0.9921259842519685
>>>>>>> Stashed changes
