Model,Accuracy,Precision,Recall,F1 Score
MLP,0.9776075740652093,1.0,0.6698039215686274,0.8022545796148427
