Model,Accuracy,Precision,Recall,F1 Score
Simple CNN,0.9811780336581045,0.9934479934479934,0.9403100775193799,0.9661489446435683
