Model,Accuracy,Precision,Recall,F1 Score
<<<<<<< Updated upstream
<<<<<<< Updated upstream
Simple CNN,0.9954789638848998,0.983739837398374,0.9490196078431372,0.9660678642714571
=======
Simple CNN,1.0,1.0,1.0,1.0
Simple CNN,0.999087868653086,0.9545454545454546,1.0,0.9767441860465116
Simple CNN,0.998175737306172,0.9130434782608695,1.0,0.9545454545454546
>>>>>>> Stashed changes
=======
Simple CNN,1.0,1.0,1.0,1.0
Simple CNN,0.999087868653086,0.9545454545454546,1.0,0.9767441860465116
Simple CNN,0.998175737306172,0.9130434782608695,1.0,0.9545454545454546
>>>>>>> Stashed changes
