Model,Accuracy,Precision,Recall,F1 Score
Simple CNN,0.9954789638848998,0.983739837398374,0.9490196078431372,0.9660678642714571
