Model,Accuracy,Precision,Recall,F1 Score
SVM,0.9970746236902293,0.9903536977491961,0.9662745098039216,0.9781659388646288
