Model,Accuracy,Precision,Recall,F1 Score
SVM,0.9995571302037201,0.9984520123839009,1.0,0.9992254066615027
