Model,Accuracy,Precision,Recall,F1 Score
TCN,0.9997872453592894,0.99687255668491,1.0,0.9984338292873923
