Model,Accuracy,Precision,Recall,F1 Score
<<<<<<< Updated upstream
<<<<<<< Updated upstream
TCN,0.9997872453592894,0.99687255668491,1.0,0.9984338292873923
=======
TCN,1.0,1.0,1.0,1.0
TCN,0.9996959562176954,0.984375,1.0,0.9921259842519685
>>>>>>> Stashed changes
=======
TCN,1.0,1.0,1.0,1.0
TCN,0.9996959562176954,0.984375,1.0,0.9921259842519685
>>>>>>> Stashed changes
