Model,Accuracy,Precision,Recall,F1 Score
TCN,0.9997872453592894,0.99687255668491,1.0,0.9984338292873924
TCN,1.0,1.0,1.0,1.0
TCN,0.9996959562176954,0.984375,1.0,0.9921259842519684
TCN,1.0,1.0,1.0,1.0
TCN,0.9996959562176954,0.984375,1.0,0.9921259842519684
TCN,0.9976076555023924,0.9952380952380953,1.0,0.9976133651551312
TCN,0.9952153110047848,0.990521327014218,1.0,0.9952380952380953
TCN,1.0,1.0,1.0,1.0
TCN,1.0,1.0,1.0,1.0
