Model,Accuracy,Precision,Recall,F1 Score
TCN,0.9592559787422498,0.897841726618705,0.9674418604651163,0.9313432835820895
