{
  "model_name": "dual_branch",
  "evaluation_timestamp": "20250609_004148",
  "test_samples": 6273,
  "ecg_samples": 896,
  "eeg_samples": 5377,
  "inference_time_ms": 2082.756280899048,
  "accuracy": 0.9996811732823211,
  "precision": 0.9996281836772635,
  "recall": 1.0,
  "f1_score": 0.9998140572703608,
  "mcc": 0.9986975872441414,
  "cohen_kappa": 0.9986967391053684,
  "roc_auc": 1.0,
  "pr_auc": 1.0
}