{
  "model_name": "simple_cnn",
  "evaluation_timestamp": "20250609_004148",
  "test_samples": 6273,
  "ecg_samples": 896,
  "eeg_samples": 5377,
  "inference_time_ms": 16840.25740623474,
  "accuracy": 0.9998405866411605,
  "precision": 0.9998140572703608,
  "recall": 1.0,
  "f1_score": 0.999907019990702,
  "mcc": 0.9993488847080169,
  "cohen_kappa": 0.9993486727325,
  "roc_auc": 1.0,
  "pr_auc": 1.0
}